{"cameraMode":{"drawMode":0,"name":"Shaded","section":"Shading Mode"},"sceneLighting":true,"audioPlay":false,"sceneViewState":{"m_AlwaysRefresh":false,"showFog":true,"showSkybox":true,"showFlares":true,"showImageEffects":true,"showParticleSystems":true,"showVisualEffectGraphs":true,"m_FxEnabled":true},"in2DMode":false,"pivot":{"x":9.54606819152832,"y":5.9024200439453129,"z":-15.822799682617188},"rotation":{"x":0.315775603055954,"y":0.014227643609046936,"z":-0.004736298229545355,"w":0.9487177133560181},"size":114.80164337158203,"orthographic":false}