{"cameraMode":{"drawMode":0,"name":"Shaded","section":"Shading Mode"},"sceneLighting":false,"audioPlay":false,"sceneViewState":{"m_AlwaysRefresh":false,"showFog":true,"showSkybox":true,"showFlares":true,"showImageEffects":true,"showParticleSystems":true,"showVisualEffectGraphs":true,"m_FxEnabled":true},"in2DMode":false,"pivot":{"x":217.13912963867188,"y":214.57957458496095,"z":-125.33172607421875},"rotation":{"x":-0.04229710251092911,"y":0.00927934143692255,"z":-0.0005206927889958024,"w":-0.9991751909255981},"size":151.6071319580078,"orthographic":false}