{"cameraMode":{"drawMode":0,"name":"Shaded","section":"Shading Mode"},"sceneLighting":false,"audioPlay":false,"sceneViewState":{"m_AlwaysRefresh":false,"showFog":true,"showSkybox":true,"showFlares":true,"showImageEffects":true,"showParticleSystems":true,"showVisualEffectGraphs":true,"m_FxEnabled":true},"in2DMode":false,"pivot":{"x":21.602191925048829,"y":-0.41469573974609377,"z":-22.427597045898439},"rotation":{"x":-0.24126237630844117,"y":0.7580918669700623,"z":-0.44559600949287417,"w":-0.410800576210022},"size":63.895408630371097,"orthographic":false}